seed_file_name,total_distincet_infected_nodes,total_males_in_casc,total_females_in_cas,males_fraction_in_casc,females_fraction_in_casc,fairness_score_value
../Data/Weibo/Seeds/final_seeds_5g_05a_500s_1b.txt,735232,538862,196370,0.7329,0.2671,0.7157
../Data/Weibo/Seeds/final_seeds_5g_05a_250s_5b.txt,635195,473170,162025,0.7449,0.2551,0.6725
../Data/Weibo/Seeds/final_seeds_5g_05a_100s_1b.txt,708967,522587,186380,0.7371,0.2629,0.7004
../Data/Weibo/Seeds/final_seeds_5g_05a_20s_1b.txt,443266,345575,97691,0.7796,0.2204,0.5552
../Data/Weibo/Seeds/final_seeds_5g_05a_750s_7b.txt,744762,543965,200797,0.7304,0.2696,0.725
../Data/Weibo/Seeds/final_seeds_5g_05a_60s_1b.txt,619970,463885,156085,0.7482,0.2518,0.6608
../Data/Weibo/Seeds/final_seeds_5g_05a_60s_3b.txt,618442,461930,156512,0.7469,0.2531,0.6654
../Data/Weibo/Seeds/final_seeds_5g_05a_60s_0_1b.txt,626760,468287,158473,0.7472,0.2528,0.6646
../Data/Weibo/Seeds/final_seeds_5g_05a_1000s_1b.txt,775733,563805,211928,0.7268,0.2732,0.7382
../Data/Weibo/Seeds/final_seeds_5g_05a_80s_5b.txt,666776,494170,172606,0.7411,0.2589,0.686
../Data/Weibo/Seeds/final_seeds_5g_05a_1000s_3b.txt,786469,570117,216352,0.7249,0.2751,0.7453
../Data/Weibo/Seeds/final_seeds_5g_05a_500s_5b.txt,611597,461421,150176,0.7545,0.2455,0.6392
../Data/Weibo/Seeds/final_seeds_5g_05a_1250s_0_5b.txt,795187,575482,219705,0.7237,0.2763,0.7498
../Data/Weibo/Seeds/final_seeds_5g_05a_500s_3b.txt,747835,546385,201450,0.7306,0.2694,0.7241
../Data/Weibo/Seeds/final_seeds_5g_05a_100s_0_5b.txt,711687,523811,187876,0.736,0.264,0.7044
../Data/Weibo/Seeds/final_seeds_5g_05a_1000s_5b.txt,788078,570912,217166,0.7244,0.2756,0.7471
../Data/Weibo/Seeds/final_seeds_5g_05a_1250s_0_1b.txt,791327,573188,218139,0.7243,0.2757,0.7474
../Data/Weibo/Seeds/final_seeds_5g_05a_20s_0_1b.txt,413052,323070,89982,0.7822,0.2178,0.547
../Data/Weibo/Seeds/final_seeds_5g_05a_40s_7b.txt,311935,244463,67472,0.7837,0.2163,0.5421
../Data/Weibo/Seeds/final_seeds_5g_05a_80s_1b.txt,670658,497712,172946,0.7421,0.2579,0.6824
../Data/Weibo/Seeds/final_seeds_5g_05a_40s_0_5b.txt,566567,426788,139779,0.7533,0.2467,0.6432
../Data/Weibo/Seeds/final_seeds_5g_05a_60s_5b.txt,601639,450644,150995,0.749,0.251,0.6581
../Data/Weibo/Seeds/final_seeds_5g_05a_100s_0_1b.txt,707005,520984,186021,0.7369,0.2631,0.7012
../Data/Weibo/Seeds/final_seeds_5g_05a_1000s_7b.txt,779178,565426,213752,0.7257,0.2743,0.7424
../Data/Weibo/Seeds/final_seeds_5g_05a_40s_0_1b.txt,527077,405434,121643,0.7692,0.2308,0.5892
../Data/Weibo/Seeds/final_seeds_5g_05a_750s_1b.txt,738621,540819,197802,0.7322,0.2678,0.7183
../Data/Weibo/Seeds/final_seeds_5g_05a_40s_1b.txt,530836,407399,123437,0.7675,0.2325,0.5951
../Data/Weibo/Seeds/final_seeds_5g_05a_40s_3b.txt,497447,383391,114056,0.7707,0.2293,0.5843
../Data/Weibo/Seeds/final_seeds_5g_05a_1250s_7b.txt,779436,565548,213888,0.7256,0.2744,0.7428
../Data/Weibo/Seeds/final_seeds_5g_05a_500s_0_5b.txt,740143,541806,198337,0.732,0.268,0.7189
../Data/Weibo/Seeds/final_seeds_5g_05a_1000s_0_1b.txt,775900,563730,212170,0.7265,0.2735,0.7392
../Data/Weibo/Seeds/final_seeds_5g_05a_250s_3b.txt,565052,430885,134167,0.7626,0.2374,0.6115
../Data/Weibo/Seeds/final_seeds_5g_05a_80s_7b.txt,480606,369181,111425,0.7682,0.2318,0.5928
../Data/Weibo/Seeds/final_seeds_5g_05a_750s_0_1b.txt,767681,559018,208663,0.7282,0.2718,0.7331
../Data/Weibo/Seeds/final_seeds_5g_05a_80s_0_5b.txt,660833,491012,169821,0.743,0.257,0.6793
../Data/Weibo/Seeds/final_seeds_5g_05a_80s_3b.txt,665058,493594,171464,0.7422,0.2578,0.6822
../Data/Weibo/Seeds/final_seeds_5g_05a_40s_5b.txt,567258,426418,140840,0.7517,0.2483,0.6487
../Data/Weibo/Seeds/final_seeds_5g_05a_750s_3b.txt,756390,551563,204827,0.7292,0.2708,0.7293
../Data/Weibo/Seeds/final_seeds_5g_05a_250s_0_1b.txt,670405,497935,172470,0.7427,0.2573,0.6803
../Data/Weibo/Seeds/final_seeds_5g_05a_250s_0_5b.txt,673724,499632,174092,0.7416,0.2584,0.6843
../Data/Weibo/Seeds/final_seeds_5g_05a_20s_0_5b.txt,400512,311571,88941,0.7779,0.2221,0.5606
../Data/Weibo/Seeds/final_seeds_5g_05a_20s_3b.txt,323997,253578,70419,0.7827,0.2173,0.5454
../Data/Weibo/Seeds/final_seeds_5g_05a_1250s_5b.txt,797299,576535,220764,0.7231,0.2769,0.752
../Data/Weibo/Seeds/final_seeds_5g_05a_250s_1b.txt,658140,488676,169464,0.7425,0.2575,0.6811
../Data/Weibo/Seeds/final_seeds_5g_05a_1250s_3b.txt,798107,577106,221001,0.7231,0.2769,0.7521
../Data/Weibo/Seeds/final_seeds_5g_05a_250s_7b.txt,526803,404364,122439,0.7676,0.2324,0.5947
../Data/Weibo/Seeds/final_seeds_5g_05a_80s_0_1b.txt,683277,505793,177484,0.7402,0.2598,0.6892
../Data/Weibo/Seeds/final_seeds_5g_05a_20s_5b.txt,373367,293283,80084,0.7855,0.2145,0.5363
../Data/Weibo/Seeds/final_seeds_5g_05a_20s_7b.txt,395799,306470,89329,0.7743,0.2257,0.5724
../Data/Weibo/Seeds/final_seeds_5g_05a_750s_0_5b.txt,663566,496718,166848,0.7486,0.2514,0.6597
../Data/Weibo/Seeds/final_seeds_5g_05a_1000s_0_5b.txt,778777,565564,213213,0.7262,0.2738,0.7404
../Data/Weibo/Seeds/final_seeds_5g_05a_60s_0_5b.txt,634887,473648,161239,0.746,0.254,0.6686
../Data/Weibo/Seeds/final_seeds_5g_05a_100s_3b.txt,698345,515042,183303,0.7375,0.2625,0.699
../Data/Weibo/Seeds/final_seeds_5g_05a_100s_5b.txt,694697,512629,182068,0.7379,0.2621,0.6975
../Data/Weibo/Seeds/final_seeds_5g_05a_500s_7b.txt,748042,545925,202117,0.7298,0.2702,0.7271
../Data/Weibo/Seeds/final_seeds_5g_05a_60s_7b.txt,538775,410486,128289,0.7619,0.2381,0.6138
../Data/Weibo/Seeds/final_seeds_5g_05a_500s_0_1b.txt,672757,503014,169743,0.7477,0.2523,0.6627
../Data/Weibo/Seeds/final_seeds_5g_05a_1250s_1b.txt,796650,576506,220144,0.7237,0.2763,0.75
../Data/Weibo/Seeds/final_seeds_5g_05a_100s_7b.txt,678220,500679,177541,0.7382,0.2618,0.6964
../Data/Weibo/Seeds/final_seeds_5g_05a_750s_5b.txt,735454,537985,197469,0.7315,0.2685,0.7209
